Estadistica,zcr,ste_max,ste_min,ste_avg,log_attack_time,p_f,spectral_entropy,spectral_flux
Media,0.0541358431634355,88.6892299692452,6.77240718670226,24.3002685846551,0.278410431745915,336.906770340191,4.05222976862857,0.00854545369687884
Desviación Estándar,0.0437207563990534,48.3891918552599,4.73703543436952,11.4942223016361,0.0753735541140153,906.384703766227,1.08051219406882,0.00659499518693476
Q1,0.0232531024990616,54.4078154480384,2.44485881880512,17.2987654855672,0.236483562863988,43.0769230769231,3.3825772969708,0.00454639242323308
Mediana,0.0385810998296716,78.8530885541635,6.62934233126546,26.0562920468963,0.28127665229039,107.692307692308,3.97453655018235,0.00704599818585179
Q3,0.071781192770125,113.276762208667,10.2291547169395,31.3933839606844,0.328481538536472,188.461538461538,4.884107037099,0.0109411684194839
